{
  "screen_region": {
    "x": 0.32,
    "y": 0.28,
    "width": 0.45,
    "height": 0.44
  },
  "z_range": {
    "min": -0.45999999999999996,
    "max": 0.10000000000000009
  },
  "max_people": 3,
  "min_visibility": 1.0,
  "min_landmarks": 1
}